user_id,password_hash,email,first_name,last_name,phone_number
JosephPatterson,,JosephPatterson@fakeemail.com,Joseph,Patterson,806-772-2167
LarryCulver,,LarryCulver@fakeemail.com,Larry,Culver,392-573-4405
AmandaCrasco,,AmandaCrasco@fakeemail.com,Amanda,Crasco,295-731-3796
EricCrutchfield,,EricCrutchfield@fakeemail.com,Eric,Crutchfield,441-211-0536
DouglasLovell,,DouglasLovell@fakeemail.com,Douglas,Lovell,871-646-3173
MarioGause,,MarioGause@fakeemail.com,Mario,Gause,311-074-5882
LouiseLeno,,LouiseLeno@fakeemail.com,Louise,Leno,480-452-8426
AlidaSmith,,AlidaSmith@fakeemail.com,Alida,Smith,808-776-7768
ErwinTipton,,ErwinTipton@fakeemail.com,Erwin,Tipton,236-468-0286
DavidReynolds,,DavidReynolds@fakeemail.com,David,Reynolds,369-550-7418
DeborahCruz,,DeborahCruz@fakeemail.com,Deborah,Cruz,633-145-7277
RobertWeekley,,RobertWeekley@fakeemail.com,Robert,Weekley,926-647-7105
ElizabethWatson,,ElizabethWatson@fakeemail.com,Elizabeth,Watson,344-422-9102
KathyBarraza,,KathyBarraza@fakeemail.com,Kathy,Barraza,347-225-3383
JocelynTalerico,,JocelynTalerico@fakeemail.com,Jocelyn,Talerico,252-530-1299
MabelBrueckman,,MabelBrueckman@fakeemail.com,Mabel,Brueckman,846-542-3188
CarriePrahm,,CarriePrahm@fakeemail.com,Carrie,Prahm,781-566-3769
AnnaMayer,,AnnaMayer@fakeemail.com,Anna,Mayer,698-362-0482
DamienLucas,,DamienLucas@fakeemail.com,Damien,Lucas,915-156-7837
ConnieAlcantara,,ConnieAlcantara@fakeemail.com,Connie,Alcantara,985-665-8750
ReginaMundy,,ReginaMundy@fakeemail.com,Regina,Mundy,419-132-7855
KevinMartin,,KevinMartin@fakeemail.com,Kevin,Martin,890-755-5241
DarlaRowland,,DarlaRowland@fakeemail.com,Darla,Rowland,464-130-2870
SandraShuford,,SandraShuford@fakeemail.com,Sandra,Shuford,348-151-4459
BarbaraBostian,,BarbaraBostian@fakeemail.com,Barbara,Bostian,896-377-4108
MarthaTorres,,MarthaTorres@fakeemail.com,Martha,Torres,198-166-6248
MildredGulke,,MildredGulke@fakeemail.com,Mildred,Gulke,665-163-8338
KatieBailey,,KatieBailey@fakeemail.com,Katie,Bailey,384-750-3601
GladysMotley,,GladysMotley@fakeemail.com,Gladys,Motley,716-016-6939
AubreyCole,,AubreyCole@fakeemail.com,Aubrey,Cole,780-833-1669
StanleyMead,,StanleyMead@fakeemail.com,Stanley,Mead,738-370-9801
MarieFrank,,MarieFrank@fakeemail.com,Marie,Frank,891-046-6819
JoseChurch,,JoseChurch@fakeemail.com,Jose,Church,491-648-1667
MariaCarpenter,,MariaCarpenter@fakeemail.com,Maria,Carpenter,781-410-5439
DelbertBullman,,DelbertBullman@fakeemail.com,Delbert,Bullman,135-087-8471
JamesWorthy,,JamesWorthy@fakeemail.com,James,Worthy,803-253-6057
HelenWynn,,HelenWynn@fakeemail.com,Helen,Wynn,648-217-1424
LavondaGreenwood,,LavondaGreenwood@fakeemail.com,Lavonda,Greenwood,111-837-6643
RobertShaffer,,RobertShaffer@fakeemail.com,Robert,Shaffer,596-223-8241
JohnMurray,,JohnMurray@fakeemail.com,John,Murray,428-877-7834
TimothyHumphreys,,TimothyHumphreys@fakeemail.com,Timothy,Humphreys,412-874-0110
MaryEndicott,,MaryEndicott@fakeemail.com,Mary,Endicott,970-603-6904
LindseyCalzada,,LindseyCalzada@fakeemail.com,Lindsey,Calzada,842-644-0080
GeorgeWu,,GeorgeWu@fakeemail.com,George,Wu,303-871-4142
BlancaRiley,,BlancaRiley@fakeemail.com,Blanca,Riley,589-766-1774
BillieNash,,BillieNash@fakeemail.com,Billie,Nash,504-738-2326
DanielIsaacs,,DanielIsaacs@fakeemail.com,Daniel,Isaacs,743-003-7862
MarjorieMiltner,,MarjorieMiltner@fakeemail.com,Marjorie,Miltner,879-870-1318
MatthewLotzer,,MatthewLotzer@fakeemail.com,Matthew,Lotzer,892-848-0643
BrucePorch,,BrucePorch@fakeemail.com,Bruce,Porch,708-407-5922
ConnieWright,,ConnieWright@fakeemail.com,Connie,Wright,562-352-5192
DoyleMiller,,DoyleMiller@fakeemail.com,Doyle,Miller,109-416-3089
GeorgeSpicher,,GeorgeSpicher@fakeemail.com,George,Spicher,570-257-3513
EdwardHanlon,,EdwardHanlon@fakeemail.com,Edward,Hanlon,592-224-9080
TreyMendoza,,TreyMendoza@fakeemail.com,Trey,Mendoza,429-006-3045
DorothyHenderson,,DorothyHenderson@fakeemail.com,Dorothy,Henderson,135-551-3034
KarenCaldwell,,KarenCaldwell@fakeemail.com,Karen,Caldwell,192-085-7299
ChristopherBaker,,ChristopherBaker@fakeemail.com,Christopher,Baker,948-235-3533
JamesCleary,,JamesCleary@fakeemail.com,James,Cleary,445-648-9005
EloiseTaylor,,EloiseTaylor@fakeemail.com,Eloise,Taylor,373-640-1460
RaymondMunoz,,RaymondMunoz@fakeemail.com,Raymond,Munoz,733-247-0549
BarbaraMcalister,,BarbaraMcalister@fakeemail.com,Barbara,Mcalister,337-280-9876
CynthiaRoth,,CynthiaRoth@fakeemail.com,Cynthia,Roth,252-718-0164
EasterCaminero,,EasterCaminero@fakeemail.com,Easter,Caminero,804-448-6891
BarbaraPecanty,,BarbaraPecanty@fakeemail.com,Barbara,Pecanty,264-850-6893
LoriWilliams,,LoriWilliams@fakeemail.com,Lori,Williams,198-006-5635
MoisesSullins,,MoisesSullins@fakeemail.com,Moises,Sullins,255-583-8516
JohnDenney,,JohnDenney@fakeemail.com,John,Denney,642-701-8642
EzraBrady,,EzraBrady@fakeemail.com,Ezra,Brady,901-784-7087
RichardWallace,,RichardWallace@fakeemail.com,Richard,Wallace,377-476-4950
RalphRosales,,RalphRosales@fakeemail.com,Ralph,Rosales,344-082-6192
DeniseGreen,,DeniseGreen@fakeemail.com,Denise,Green,829-536-3804
JeromeMecca,,JeromeMecca@fakeemail.com,Jerome,Mecca,808-608-7914
AmyJewell,,AmyJewell@fakeemail.com,Amy,Jewell,647-252-5657
JesseBabecki,,JesseBabecki@fakeemail.com,Jesse,Babecki,645-385-5001
GeorgeGambrell,,GeorgeGambrell@fakeemail.com,George,Gambrell,156-884-4899
AnaLarue,,AnaLarue@fakeemail.com,Ana,Larue,833-386-6366
DonaldFisk,,DonaldFisk@fakeemail.com,Donald,Fisk,771-807-4239
IrmaMontoya,,IrmaMontoya@fakeemail.com,Irma,Montoya,373-850-0304
GaryHoffman,,GaryHoffman@fakeemail.com,Gary,Hoffman,329-886-5535
JeffCamargo,,JeffCamargo@fakeemail.com,Jeff,Camargo,498-285-2815
YvonneThomason,,YvonneThomason@fakeemail.com,Yvonne,Thomason,701-368-7641
RalphRoy,,RalphRoy@fakeemail.com,Ralph,Roy,778-062-2187
MerylDawson,,MerylDawson@fakeemail.com,Meryl,Dawson,437-811-7814
DarlaSilbaugh,,DarlaSilbaugh@fakeemail.com,Darla,Silbaugh,306-348-1428
PaulRowles,,PaulRowles@fakeemail.com,Paul,Rowles,430-410-8272
EddieAngulo,,EddieAngulo@fakeemail.com,Eddie,Angulo,306-241-1887
HelenDavis,,HelenDavis@fakeemail.com,Helen,Davis,255-261-5231
MargaretHarrison,,MargaretHarrison@fakeemail.com,Margaret,Harrison,639-050-5962
EarlBoyle,,EarlBoyle@fakeemail.com,Earl,Boyle,362-761-4404
JeremyNemeth,,JeremyNemeth@fakeemail.com,Jeremy,Nemeth,104-752-5026
JennieAvitia,,JennieAvitia@fakeemail.com,Jennie,Avitia,797-043-1657
GinaMccoy,,GinaMccoy@fakeemail.com,Gina,Mccoy,585-621-0727
WilliamMarcus,,WilliamMarcus@fakeemail.com,William,Marcus,938-023-8311
EstherVecker,,EstherVecker@fakeemail.com,Esther,Vecker,963-111-9668
BarbaraJordon,,BarbaraJordon@fakeemail.com,Barbara,Jordon,695-134-3016
ZacharyCraycraft,,ZacharyCraycraft@fakeemail.com,Zachary,Craycraft,533-827-4981
RodneyTrotman,,RodneyTrotman@fakeemail.com,Rodney,Trotman,764-576-0612
MatthewShoemaker,,MatthewShoemaker@fakeemail.com,Matthew,Shoemaker,342-263-3021
StefanieBalcom,,StefanieBalcom@fakeemail.com,Stefanie,Balcom,431-856-7485
StellaGrant,,StellaGrant@fakeemail.com,Stella,Grant,205-540-3318
RoseAdkins,,RoseAdkins@fakeemail.com,Rose,Adkins,870-253-2944
GaryVanblaricum,,GaryVanblaricum@fakeemail.com,Gary,Vanblaricum,902-062-2068
EileenOlsen,,EileenOlsen@fakeemail.com,Eileen,Olsen,789-034-2453
DebraBabcock,,DebraBabcock@fakeemail.com,Debra,Babcock,195-625-8464
BeverlyTutas,,BeverlyTutas@fakeemail.com,Beverly,Tutas,870-520-2283
EstelaMadigan,,EstelaMadigan@fakeemail.com,Estela,Madigan,299-851-1793
SusieJohnson,,SusieJohnson@fakeemail.com,Susie,Johnson,530-016-4577
AngelaEllis,,AngelaEllis@fakeemail.com,Angela,Ellis,447-780-6787
JorgeWoytowich,,JorgeWoytowich@fakeemail.com,Jorge,Woytowich,954-178-4857
JosephHernandez,,JosephHernandez@fakeemail.com,Joseph,Hernandez,114-118-8239
PaulinePatterson,,PaulinePatterson@fakeemail.com,Pauline,Patterson,716-455-6127
StacyDibble,,StacyDibble@fakeemail.com,Stacy,Dibble,137-051-1643
MarxJones,,MarxJones@fakeemail.com,Marx,Jones,858-148-9304
RuthBussell,,RuthBussell@fakeemail.com,Ruth,Bussell,856-703-1066
AliceBienenstock,,AliceBienenstock@fakeemail.com,Alice,Bienenstock,363-871-8036
JeannetteCameron,,JeannetteCameron@fakeemail.com,Jeannette,Cameron,504-177-7378
MichaelHayes,,MichaelHayes@fakeemail.com,Michael,Hayes,457-183-0347
DavidGreer,,DavidGreer@fakeemail.com,David,Greer,170-547-6796
JeffreyMartinez,,JeffreyMartinez@fakeemail.com,Jeffrey,Martinez,857-516-2429
ClarenceReynolds,,ClarenceReynolds@fakeemail.com,Clarence,Reynolds,771-870-9059
StevenBell,,StevenBell@fakeemail.com,Steven,Bell,273-480-7535
MichelleHowe,,MichelleHowe@fakeemail.com,Michelle,Howe,764-826-3051
DerrickTriggs,,DerrickTriggs@fakeemail.com,Derrick,Triggs,155-080-1749
NickCole,,NickCole@fakeemail.com,Nick,Cole,961-687-2142
HildaLuebke,,HildaLuebke@fakeemail.com,Hilda,Luebke,220-502-2913
MarieLozano,,MarieLozano@fakeemail.com,Marie,Lozano,560-084-0409
ElvaNatividad,,ElvaNatividad@fakeemail.com,Elva,Natividad,935-142-2463
DanielBaker,,DanielBaker@fakeemail.com,Daniel,Baker,241-131-2877
MargaretWarner,,MargaretWarner@fakeemail.com,Margaret,Warner,245-324-9037
BrendaLawson,,BrendaLawson@fakeemail.com,Brenda,Lawson,689-713-3708
PearlAndrade,,PearlAndrade@fakeemail.com,Pearl,Andrade,812-740-8061
RocioHultgren,,RocioHultgren@fakeemail.com,Rocio,Hultgren,467-115-3422
AlexanderCasano,,AlexanderCasano@fakeemail.com,Alexander,Casano,796-022-8308
RonDominquez,,RonDominquez@fakeemail.com,Ron,Dominquez,553-515-7521
SanfordJohnson,,SanfordJohnson@fakeemail.com,Sanford,Johnson,628-734-7131
ConnieHunter,,ConnieHunter@fakeemail.com,Connie,Hunter,187-631-3749
CoraWidera,,CoraWidera@fakeemail.com,Cora,Widera,732-862-0337
KerryFinley,,KerryFinley@fakeemail.com,Kerry,Finley,271-435-7659
BrendaGriffin,,BrendaGriffin@fakeemail.com,Brenda,Griffin,338-174-6680
FayWilliams,,FayWilliams@fakeemail.com,Fay,Williams,820-541-8443
DickHurst,,DickHurst@fakeemail.com,Dick,Hurst,337-040-7967
JamesHight,,JamesHight@fakeemail.com,James,Hight,143-811-2403
DorothyHewins,,DorothyHewins@fakeemail.com,Dorothy,Hewins,891-804-4186
AnnHiggins,,AnnHiggins@fakeemail.com,Ann,Higgins,426-013-3473
CameronBrooks,,CameronBrooks@fakeemail.com,Cameron,Brooks,550-371-9001
ManuelLedon,,ManuelLedon@fakeemail.com,Manuel,Ledon,308-843-7549
CharlesFelix,,CharlesFelix@fakeemail.com,Charles,Felix,796-827-1362
ChanelHornyak,,ChanelHornyak@fakeemail.com,Chanel,Hornyak,273-343-1018
FrancesOleary,,FrancesOleary@fakeemail.com,Frances,Oleary,746-247-6549
HowardCopland,,HowardCopland@fakeemail.com,Howard,Copland,772-374-8457
ZoeWest,,ZoeWest@fakeemail.com,Zoe,West,350-523-1117
JamiArmstrong,,JamiArmstrong@fakeemail.com,Jami,Armstrong,131-781-1398
BrianRice,,BrianRice@fakeemail.com,Brian,Rice,859-355-7165
VeraPearson,,VeraPearson@fakeemail.com,Vera,Pearson,856-533-3133
GildaHastings,,GildaHastings@fakeemail.com,Gilda,Hastings,414-213-3892
EdithRudolph,,EdithRudolph@fakeemail.com,Edith,Rudolph,941-612-5580
TimothyKozak,,TimothyKozak@fakeemail.com,Timothy,Kozak,606-265-6580
IrmaChu,,IrmaChu@fakeemail.com,Irma,Chu,763-081-8932
CarlosHamilton,,CarlosHamilton@fakeemail.com,Carlos,Hamilton,159-662-7932
ElizaKyung,,ElizaKyung@fakeemail.com,Eliza,Kyung,839-078-9519
AlejandraHobbs,,AlejandraHobbs@fakeemail.com,Alejandra,Hobbs,606-060-9234
MoiraCoke,,MoiraCoke@fakeemail.com,Moira,Coke,553-238-8829
SusanCambareri,,SusanCambareri@fakeemail.com,Susan,Cambareri,443-080-1301
RichardAshby,,RichardAshby@fakeemail.com,Richard,Ashby,193-877-3785
NancyBinford,,NancyBinford@fakeemail.com,Nancy,Binford,745-688-3868
MarkCorrieri,,MarkCorrieri@fakeemail.com,Mark,Corrieri,323-368-4875
PaulJudkins,,PaulJudkins@fakeemail.com,Paul,Judkins,678-030-8153
CharlesWelch,,CharlesWelch@fakeemail.com,Charles,Welch,496-523-0243
LouisWilliams,,LouisWilliams@fakeemail.com,Louis,Williams,345-648-0112
WillieCarpenter,,WillieCarpenter@fakeemail.com,Willie,Carpenter,384-327-6969
EthelWilke,,EthelWilke@fakeemail.com,Ethel,Wilke,241-803-2021
RonaldGassoway,,RonaldGassoway@fakeemail.com,Ronald,Gassoway,995-625-7802
RaymondGodfrey,,RaymondGodfrey@fakeemail.com,Raymond,Godfrey,347-124-9333
TonyClark,,TonyClark@fakeemail.com,Tony,Clark,556-181-9927
MargaretFrost,,MargaretFrost@fakeemail.com,Margaret,Frost,111-842-2055
HienDolan,,HienDolan@fakeemail.com,Hien,Dolan,947-566-9138
JenniferBradley,,JenniferBradley@fakeemail.com,Jennifer,Bradley,105-641-0956
IonaVerkamp,,IonaVerkamp@fakeemail.com,Iona,Verkamp,820-056-0519
BillConley,,BillConley@fakeemail.com,Bill,Conley,864-801-8380
JohnClaytor,,JohnClaytor@fakeemail.com,John,Claytor,904-816-2559
BrianSliwa,,BrianSliwa@fakeemail.com,Brian,Sliwa,940-573-3691
WandaPearson,,WandaPearson@fakeemail.com,Wanda,Pearson,630-560-7684
FranciscoTerry,,FranciscoTerry@fakeemail.com,Francisco,Terry,317-378-0654
SantanaBingler,,SantanaBingler@fakeemail.com,Santana,Bingler,803-616-5195
MatthewNorrington,,MatthewNorrington@fakeemail.com,Matthew,Norrington,768-670-8483
TeresitaBroughton,,TeresitaBroughton@fakeemail.com,Teresita,Broughton,250-586-4043
CarlosAnderson,,CarlosAnderson@fakeemail.com,Carlos,Anderson,954-570-4259
DanaTaylor,,DanaTaylor@fakeemail.com,Dana,Taylor,544-358-0149
JuliaWallace,,JuliaWallace@fakeemail.com,Julia,Wallace,799-813-3130
MarieHenderson,,MarieHenderson@fakeemail.com,Marie,Henderson,252-320-7386
SarahHaight,,SarahHaight@fakeemail.com,Sarah,Haight,706-626-8859
SharonLofaro,,SharonLofaro@fakeemail.com,Sharon,Lofaro,817-427-5640
JanetHutton,,JanetHutton@fakeemail.com,Janet,Hutton,215-445-9440
SondraBrown,,SondraBrown@fakeemail.com,Sondra,Brown,247-121-9382
ElvaBurney,,ElvaBurney@fakeemail.com,Elva,Burney,794-145-4142
BillDykstra,,BillDykstra@fakeemail.com,Bill,Dykstra,296-174-8289
RaymondSomerville,,RaymondSomerville@fakeemail.com,Raymond,Somerville,728-880-9052
JohnathanSpeck,,JohnathanSpeck@fakeemail.com,Johnathan,Speck,871-535-6867
BetsyRoberts,,BetsyRoberts@fakeemail.com,Betsy,Roberts,788-580-4301
FrankieSharp,,FrankieSharp@fakeemail.com,Frankie,Sharp,186-214-1411
RandyRoot,,RandyRoot@fakeemail.com,Randy,Root,292-802-2261
NancyLehman,,NancyLehman@fakeemail.com,Nancy,Lehman,795-281-0536
LarryJohnson,,LarryJohnson@fakeemail.com,Larry,Johnson,583-257-7064
CharlesKang,,CharlesKang@fakeemail.com,Charles,Kang,705-743-9133
LamontPage,,LamontPage@fakeemail.com,Lamont,Page,913-168-3064
RichardHoekstra,,RichardHoekstra@fakeemail.com,Richard,Hoekstra,848-022-6012
JudyHernandez,,JudyHernandez@fakeemail.com,Judy,Hernandez,693-246-2998
MarciaWalker,,MarciaWalker@fakeemail.com,Marcia,Walker,501-201-3549
GloriaArevalo,,GloriaArevalo@fakeemail.com,Gloria,Arevalo,944-601-0426
NataliaSchlagel,,NataliaSchlagel@fakeemail.com,Natalia,Schlagel,696-674-4982
NancyJones,,NancyJones@fakeemail.com,Nancy,Jones,175-845-7022
DavidChesson,,DavidChesson@fakeemail.com,David,Chesson,137-313-7458
BaileyHine,,BaileyHine@fakeemail.com,Bailey,Hine,288-047-7083
JosieHoar,,JosieHoar@fakeemail.com,Josie,Hoar,215-637-9065
RonaldCondon,,RonaldCondon@fakeemail.com,Ronald,Condon,836-051-8938
LloydBroughton,,LloydBroughton@fakeemail.com,Lloyd,Broughton,869-102-0694
JamesFreedman,,JamesFreedman@fakeemail.com,James,Freedman,796-317-1087
RichardWilson,,RichardWilson@fakeemail.com,Richard,Wilson,824-250-3084
SusanEngelhardt,,SusanEngelhardt@fakeemail.com,Susan,Engelhardt,468-638-2380
SheriTacadina,,SheriTacadina@fakeemail.com,Sheri,Tacadina,671-603-1901
JohnTwitchell,,JohnTwitchell@fakeemail.com,John,Twitchell,756-305-7356
ChristopherGiunta,,ChristopherGiunta@fakeemail.com,Christopher,Giunta,614-567-3269
AuroraPedley,,AuroraPedley@fakeemail.com,Aurora,Pedley,409-038-5187
EarlThompson,,EarlThompson@fakeemail.com,Earl,Thompson,275-848-6536
CharlesHartsock,,CharlesHartsock@fakeemail.com,Charles,Hartsock,809-404-7739
DavidKing,,DavidKing@fakeemail.com,David,King,989-701-3040
NelsonRobinson,,NelsonRobinson@fakeemail.com,Nelson,Robinson,932-782-0627
DouglasEngebretson,,DouglasEngebretson@fakeemail.com,Douglas,Engebretson,380-722-8346
LuzSchulz,,LuzSchulz@fakeemail.com,Luz,Schulz,298-777-6955
JeanOrtiz,,JeanOrtiz@fakeemail.com,Jean,Ortiz,371-486-7262
MarcusHarrington,,MarcusHarrington@fakeemail.com,Marcus,Harrington,312-424-6973
CharlesVogus,,CharlesVogus@fakeemail.com,Charles,Vogus,627-363-3869
MarthaPeoples,,MarthaPeoples@fakeemail.com,Martha,Peoples,454-464-7560
LenaRitter,,LenaRitter@fakeemail.com,Lena,Ritter,608-530-6148
JeffAustin,,JeffAustin@fakeemail.com,Jeff,Austin,825-574-8715
ShamekaSchult,,ShamekaSchult@fakeemail.com,Shameka,Schult,378-163-7433
StanleyTeets,,StanleyTeets@fakeemail.com,Stanley,Teets,696-365-5553
AnthonyBenny,,AnthonyBenny@fakeemail.com,Anthony,Benny,532-377-5478
JuanSimila,,JuanSimila@fakeemail.com,Juan,Simila,415-154-6208
SamanthaGoulette,,SamanthaGoulette@fakeemail.com,Samantha,Goulette,650-032-0013
GladysBellendir,,GladysBellendir@fakeemail.com,Gladys,Bellendir,383-785-3953
JamesBarber,,JamesBarber@fakeemail.com,James,Barber,974-233-5433
SeeLemon,,SeeLemon@fakeemail.com,See,Lemon,264-083-8461
ElsieVandyke,,ElsieVandyke@fakeemail.com,Elsie,Vandyke,569-242-5326
RichardAcevedo,,RichardAcevedo@fakeemail.com,Richard,Acevedo,976-475-8589
CarlosJohns,,CarlosJohns@fakeemail.com,Carlos,Johns,519-553-5923
AngelaWatkins,,AngelaWatkins@fakeemail.com,Angela,Watkins,987-111-8416
LuanneAnderson,,LuanneAnderson@fakeemail.com,Luanne,Anderson,529-046-1142
TraceeGonzalez,,TraceeGonzalez@fakeemail.com,Tracee,Gonzalez,995-165-0825
DeboraTardif,,DeboraTardif@fakeemail.com,Debora,Tardif,377-842-2695
JoeJorgensen,,JoeJorgensen@fakeemail.com,Joe,Jorgensen,453-158-9551
ArmandWinchell,,ArmandWinchell@fakeemail.com,Armand,Winchell,767-552-9614
MarkWhalen,,MarkWhalen@fakeemail.com,Mark,Whalen,663-350-3482
RuthHansen,,RuthHansen@fakeemail.com,Ruth,Hansen,778-271-8921
JulioMartel,,JulioMartel@fakeemail.com,Julio,Martel,287-882-4673
LaurieCaldwell,,LaurieCaldwell@fakeemail.com,Laurie,Caldwell,420-556-5159
KellyHarden,,KellyHarden@fakeemail.com,Kelly,Harden,419-682-0050
PearlFredericks,,PearlFredericks@fakeemail.com,Pearl,Fredericks,515-458-2707
MarkBumgarner,,MarkBumgarner@fakeemail.com,Mark,Bumgarner,464-404-5469
SocorroBaker,,SocorroBaker@fakeemail.com,Socorro,Baker,117-388-8238
JessicaOwens,,JessicaOwens@fakeemail.com,Jessica,Owens,651-208-7443
MargieAlvarado,,MargieAlvarado@fakeemail.com,Margie,Alvarado,439-730-8010
AnthonyCox,,AnthonyCox@fakeemail.com,Anthony,Cox,176-245-1913
BradleyFelix,,BradleyFelix@fakeemail.com,Bradley,Felix,700-148-6478
MaryannWerner,,MaryannWerner@fakeemail.com,Maryann,Werner,329-772-8074
DavidCarrasco,,DavidCarrasco@fakeemail.com,David,Carrasco,885-622-8023
CathyJohnson,,CathyJohnson@fakeemail.com,Cathy,Johnson,250-110-5435
VernaJones,,VernaJones@fakeemail.com,Verna,Jones,408-803-3387
RandyStembridge,,RandyStembridge@fakeemail.com,Randy,Stembridge,272-674-7385
DennisSpalding,,DennisSpalding@fakeemail.com,Dennis,Spalding,346-308-7529
JosephSims,,JosephSims@fakeemail.com,Joseph,Sims,572-740-5970
KennethTarango,,KennethTarango@fakeemail.com,Kenneth,Tarango,219-588-1831
EugenieGibson,,EugenieGibson@fakeemail.com,Eugenie,Gibson,944-733-0049
DarleneJeske,,DarleneJeske@fakeemail.com,Darlene,Jeske,567-338-2900
RaeannEscalante,,RaeannEscalante@fakeemail.com,Raeann,Escalante,442-386-3722
CaseyHalford,,CaseyHalford@fakeemail.com,Casey,Halford,905-867-3578
AnnieFabrizio,,AnnieFabrizio@fakeemail.com,Annie,Fabrizio,483-278-2369
AnthonyPetry,,AnthonyPetry@fakeemail.com,Anthony,Petry,793-012-2072
CatherineGailes,,CatherineGailes@fakeemail.com,Catherine,Gailes,368-435-7633
TerryMaus,,TerryMaus@fakeemail.com,Terry,Maus,959-562-2467
JessicaAlvarado,,JessicaAlvarado@fakeemail.com,Jessica,Alvarado,130-745-4291
RichardWhisenand,,RichardWhisenand@fakeemail.com,Richard,Whisenand,388-682-4330
GregoryNewton,,GregoryNewton@fakeemail.com,Gregory,Newton,612-344-9826
MarkLuzar,,MarkLuzar@fakeemail.com,Mark,Luzar,186-206-7961
CourtneyWelch,,CourtneyWelch@fakeemail.com,Courtney,Welch,903-504-2458
PaulaRye,,PaulaRye@fakeemail.com,Paula,Rye,602-684-6959
ErnestBlake,,ErnestBlake@fakeemail.com,Ernest,Blake,496-708-2066
MaryBelton,,MaryBelton@fakeemail.com,Mary,Belton,697-340-8622
JeffreyMatthews,,JeffreyMatthews@fakeemail.com,Jeffrey,Matthews,109-742-3726
MatthewDoggett,,MatthewDoggett@fakeemail.com,Matthew,Doggett,904-111-5830
WilliamPlantz,,WilliamPlantz@fakeemail.com,William,Plantz,202-540-1316
HildaRichardson,,HildaRichardson@fakeemail.com,Hilda,Richardson,727-565-8460
CharlieStiltner,,CharlieStiltner@fakeemail.com,Charlie,Stiltner,452-178-3231
EltonHanna,,EltonHanna@fakeemail.com,Elton,Hanna,873-386-1818
AlisonClark,,AlisonClark@fakeemail.com,Alison,Clark,973-705-8866
KristaMason,,KristaMason@fakeemail.com,Krista,Mason,642-852-4043
InaSamuels,,InaSamuels@fakeemail.com,Ina,Samuels,431-222-8850
LoydWright,,LoydWright@fakeemail.com,Loyd,Wright,265-113-3998
WardFischer,,WardFischer@fakeemail.com,Ward,Fischer,742-343-4789
JettieBuck,,JettieBuck@fakeemail.com,Jettie,Buck,269-261-0266
EleanorPeters,,EleanorPeters@fakeemail.com,Eleanor,Peters,627-883-8958
ErnestLucero,,ErnestLucero@fakeemail.com,Ernest,Lucero,645-482-7784
JohnSuggs,,JohnSuggs@fakeemail.com,John,Suggs,695-555-7960
JamesSamuel,,JamesSamuel@fakeemail.com,James,Samuel,890-114-1683
DavidMelendez,,DavidMelendez@fakeemail.com,David,Melendez,173-353-0009
ConnieRodriguez,,ConnieRodriguez@fakeemail.com,Connie,Rodriguez,612-686-3502
CoyHatton,,CoyHatton@fakeemail.com,Coy,Hatton,994-050-0929
JoanJohnson,,JoanJohnson@fakeemail.com,Joan,Johnson,422-786-1590
MabelVo,,MabelVo@fakeemail.com,Mabel,Vo,492-521-1223
AnthonyHerrmann,,AnthonyHerrmann@fakeemail.com,Anthony,Herrmann,227-062-8858
ViolaBlack,,ViolaBlack@fakeemail.com,Viola,Black,167-624-1587
MichaelHang,,MichaelHang@fakeemail.com,Michael,Hang,620-747-6603
MarleneGutierrez,,MarleneGutierrez@fakeemail.com,Marlene,Gutierrez,641-525-3642
DaveWilliams,,DaveWilliams@fakeemail.com,Dave,Williams,411-665-5011
WillieFahy,,WillieFahy@fakeemail.com,Willie,Fahy,809-538-8135
SuzanneAnderson,,SuzanneAnderson@fakeemail.com,Suzanne,Anderson,151-408-9578
GeraldChin,,GeraldChin@fakeemail.com,Gerald,Chin,687-706-6769
DorothyJeffers,,DorothyJeffers@fakeemail.com,Dorothy,Jeffers,502-304-1799
AnnWilson,,AnnWilson@fakeemail.com,Ann,Wilson,830-172-0983
JohnStatler,,JohnStatler@fakeemail.com,John,Statler,768-530-5806
BrianMccann,,BrianMccann@fakeemail.com,Brian,Mccann,959-327-8321
SusanMiga,,SusanMiga@fakeemail.com,Susan,Miga,816-435-3931
RonaldCondren,,RonaldCondren@fakeemail.com,Ronald,Condren,276-743-6437
MaryVillalva,,MaryVillalva@fakeemail.com,Mary,Villalva,260-827-7358
KelliLasater,,KelliLasater@fakeemail.com,Kelli,Lasater,587-320-2012
PamelaBradley,,PamelaBradley@fakeemail.com,Pamela,Bradley,748-563-6894
BruceMansour,,BruceMansour@fakeemail.com,Bruce,Mansour,984-521-9138
RussellMatthews,,RussellMatthews@fakeemail.com,Russell,Matthews,858-773-6425
EricSinstack,,EricSinstack@fakeemail.com,Eric,Sinstack,757-202-4105
SheilaGaston,,SheilaGaston@fakeemail.com,Sheila,Gaston,297-340-1486
AlisaBusbee,,AlisaBusbee@fakeemail.com,Alisa,Busbee,844-555-5041
VirginiaTruong,,VirginiaTruong@fakeemail.com,Virginia,Truong,598-753-8815
JeremyFetter,,JeremyFetter@fakeemail.com,Jeremy,Fetter,714-467-0471
EmiliePatrick,,EmiliePatrick@fakeemail.com,Emilie,Patrick,628-574-9939
FloydBoyd,,FloydBoyd@fakeemail.com,Floyd,Boyd,551-811-3879
EugeneHoneycutt,,EugeneHoneycutt@fakeemail.com,Eugene,Honeycutt,860-371-6733
SusanneCovington,,SusanneCovington@fakeemail.com,Susanne,Covington,350-154-5347
AngelMoroney,,AngelMoroney@fakeemail.com,Angel,Moroney,136-858-9938
StephanieHuber,,StephanieHuber@fakeemail.com,Stephanie,Huber,108-636-3270
DeborahPecoraro,,DeborahPecoraro@fakeemail.com,Deborah,Pecoraro,200-261-1471
KateKnapp,,KateKnapp@fakeemail.com,Kate,Knapp,646-226-7291
BenCunningham,,BenCunningham@fakeemail.com,Ben,Cunningham,288-655-5536
TravisSearcy,,TravisSearcy@fakeemail.com,Travis,Searcy,375-016-3047
DonaldAbell,,DonaldAbell@fakeemail.com,Donald,Abell,246-263-9888
AnthonyLynch,,AnthonyLynch@fakeemail.com,Anthony,Lynch,957-854-5256
TraceyPride,,TraceyPride@fakeemail.com,Tracey,Pride,224-416-7639
KevinDejong,,KevinDejong@fakeemail.com,Kevin,Dejong,501-526-3630
DarylSmith,,DarylSmith@fakeemail.com,Daryl,Smith,858-003-4572
LindaMarsh,,LindaMarsh@fakeemail.com,Linda,Marsh,156-104-1767
DavidBatdorf,,DavidBatdorf@fakeemail.com,David,Batdorf,442-054-9160
DonaldLinsky,,DonaldLinsky@fakeemail.com,Donald,Linsky,888-111-3155
NancyFunches,,NancyFunches@fakeemail.com,Nancy,Funches,666-883-7657
RosieMathey,,RosieMathey@fakeemail.com,Rosie,Mathey,633-436-3833
RodneySerasio,,RodneySerasio@fakeemail.com,Rodney,Serasio,101-351-1507
DonaldSmith,,DonaldSmith@fakeemail.com,Donald,Smith,322-470-9837
CharlesDavis,,CharlesDavis@fakeemail.com,Charles,Davis,127-081-6742
KentFowler,,KentFowler@fakeemail.com,Kent,Fowler,649-366-5729
TiffanyTrell,,TiffanyTrell@fakeemail.com,Tiffany,Trell,970-678-0339
TiffanyNorthrop,,TiffanyNorthrop@fakeemail.com,Tiffany,Northrop,647-488-0137
JamesHoneycutt,,JamesHoneycutt@fakeemail.com,James,Honeycutt,256-201-7347
BrandonMaher,,BrandonMaher@fakeemail.com,Brandon,Maher,443-563-8422
JohnJones,,JohnJones@fakeemail.com,John,Jones,380-424-4645
PrinceKelley,,PrinceKelley@fakeemail.com,Prince,Kelley,427-554-7381
JulioMassey,,JulioMassey@fakeemail.com,Julio,Massey,333-143-4966
PearlWatson,,PearlWatson@fakeemail.com,Pearl,Watson,912-866-2479
MarilynSmith,,MarilynSmith@fakeemail.com,Marilyn,Smith,565-857-8880
BrianGizzi,,BrianGizzi@fakeemail.com,Brian,Gizzi,848-514-9525
DanielleBrobst,,DanielleBrobst@fakeemail.com,Danielle,Brobst,249-830-5502
AnnaSmith,,AnnaSmith@fakeemail.com,Anna,Smith,972-711-1468
GeraldineSchultz,,GeraldineSchultz@fakeemail.com,Geraldine,Schultz,652-604-0520
DonaldBoone,,DonaldBoone@fakeemail.com,Donald,Boone,569-167-9406
RuthPerry,,RuthPerry@fakeemail.com,Ruth,Perry,297-422-2388
NoahMorris,,NoahMorris@fakeemail.com,Noah,Morris,297-230-5077
GaryParker,,GaryParker@fakeemail.com,Gary,Parker,945-718-9705
ThomasMadden,,ThomasMadden@fakeemail.com,Thomas,Madden,197-025-6868
JulioSykes,,JulioSykes@fakeemail.com,Julio,Sykes,224-443-3686
MaryLouis,,MaryLouis@fakeemail.com,Mary,Louis,732-140-2495
ThomasDillard,,ThomasDillard@fakeemail.com,Thomas,Dillard,762-727-6037
CarmeloVandemark,,CarmeloVandemark@fakeemail.com,Carmelo,Vandemark,258-744-4095
CarrollChung,,CarrollChung@fakeemail.com,Carroll,Chung,418-667-8069
GaryServais,,GaryServais@fakeemail.com,Gary,Servais,713-335-1147
FlorenceBagnoli,,FlorenceBagnoli@fakeemail.com,Florence,Bagnoli,306-452-5667
JacquelineEscudero,,JacquelineEscudero@fakeemail.com,Jacqueline,Escudero,101-635-3901
MariaChavez,,MariaChavez@fakeemail.com,Maria,Chavez,854-810-2111
MaryShanks,,MaryShanks@fakeemail.com,Mary,Shanks,738-635-5608
RogerJenkins,,RogerJenkins@fakeemail.com,Roger,Jenkins,818-875-1697
DianaFields,,DianaFields@fakeemail.com,Diana,Fields,619-547-1534
MatthewAshbaugh,,MatthewAshbaugh@fakeemail.com,Matthew,Ashbaugh,594-584-4731
SharonStubbs,,SharonStubbs@fakeemail.com,Sharon,Stubbs,159-130-5646
CrystalLobato,,CrystalLobato@fakeemail.com,Crystal,Lobato,322-610-0693
LaurelChristensen,,LaurelChristensen@fakeemail.com,Laurel,Christensen,878-766-3643
MarioBirmingham,,MarioBirmingham@fakeemail.com,Mario,Birmingham,888-327-4996
AnnieGeorge,,AnnieGeorge@fakeemail.com,Annie,George,768-287-8492
NoePearce,,NoePearce@fakeemail.com,Noe,Pearce,348-814-7035
ShirleneDowns,,ShirleneDowns@fakeemail.com,Shirlene,Downs,308-521-7265
ElizabethHerod,,ElizabethHerod@fakeemail.com,Elizabeth,Herod,410-664-7844
RandyLove,,RandyLove@fakeemail.com,Randy,Love,221-236-1278
SusanDiffey,,SusanDiffey@fakeemail.com,Susan,Diffey,907-168-4795
HarrietWhite,,HarrietWhite@fakeemail.com,Harriet,White,307-746-2073
MargMoreno,,MargMoreno@fakeemail.com,Marg,Moreno,605-613-5674
ThomasLove,,ThomasLove@fakeemail.com,Thomas,Love,917-088-6257
LarryMarshall,,LarryMarshall@fakeemail.com,Larry,Marshall,559-181-2866
DeborahCarpenter,,DeborahCarpenter@fakeemail.com,Deborah,Carpenter,201-141-0727
EvelynCumming,,EvelynCumming@fakeemail.com,Evelyn,Cumming,703-275-5354
DennisNowak,,DennisNowak@fakeemail.com,Dennis,Nowak,910-338-6942
CharlieAller,,CharlieAller@fakeemail.com,Charlie,Aller,755-532-2512
VirginiaShield,,VirginiaShield@fakeemail.com,Virginia,Shield,853-566-8571
GloriaHeinzen,,GloriaHeinzen@fakeemail.com,Gloria,Heinzen,460-062-4936
RosaBuchmeier,,RosaBuchmeier@fakeemail.com,Rosa,Buchmeier,928-344-5075
AlmaBrown,,AlmaBrown@fakeemail.com,Alma,Brown,873-764-2025
EddieWertheim,,EddieWertheim@fakeemail.com,Eddie,Wertheim,552-160-7002
TeresaHansford,,TeresaHansford@fakeemail.com,Teresa,Hansford,279-752-4259
RicardoGarrison,,RicardoGarrison@fakeemail.com,Ricardo,Garrison,123-576-5149
GloriaPhillips,,GloriaPhillips@fakeemail.com,Gloria,Phillips,518-484-6420
RachelArcher,,RachelArcher@fakeemail.com,Rachel,Archer,810-205-5338
JeanGrogan,,JeanGrogan@fakeemail.com,Jean,Grogan,661-012-5972
LeoMessana,,LeoMessana@fakeemail.com,Leo,Messana,224-717-6203
WilliamBrown,,WilliamBrown@fakeemail.com,William,Brown,762-828-4991
AustinHinds,,AustinHinds@fakeemail.com,Austin,Hinds,220-431-5037
JonathanMuriel,,JonathanMuriel@fakeemail.com,Jonathan,Muriel,483-141-8798
WinfordTucker,,WinfordTucker@fakeemail.com,Winford,Tucker,524-674-3777
TerrenceHarris,,TerrenceHarris@fakeemail.com,Terrence,Harris,114-382-1759
LauraLynch,,LauraLynch@fakeemail.com,Laura,Lynch,760-466-3266
ScottyPhillips,,ScottyPhillips@fakeemail.com,Scotty,Phillips,363-630-0616
BarbaraDennis,,BarbaraDennis@fakeemail.com,Barbara,Dennis,916-888-1240
MarkNieves,,MarkNieves@fakeemail.com,Mark,Nieves,809-086-4007
ThomasPatel,,ThomasPatel@fakeemail.com,Thomas,Patel,224-210-6759
AdolfoOlson,,AdolfoOlson@fakeemail.com,Adolfo,Olson,105-112-4962
RonaldReed,,RonaldReed@fakeemail.com,Ronald,Reed,517-780-9046
RebeccaHumphries,,RebeccaHumphries@fakeemail.com,Rebecca,Humphries,459-710-7248
TaylorChadwell,,TaylorChadwell@fakeemail.com,Taylor,Chadwell,204-288-3710
ElissaCollier,,ElissaCollier@fakeemail.com,Elissa,Collier,504-448-1653
PaulRoberson,,PaulRoberson@fakeemail.com,Paul,Roberson,198-326-1742
ChasityDavis,,ChasityDavis@fakeemail.com,Chasity,Davis,694-471-8790
TeresaNelson,,TeresaNelson@fakeemail.com,Teresa,Nelson,592-230-2328
SamanthaMalady,,SamanthaMalady@fakeemail.com,Samantha,Malady,299-356-0016
TommyPruitt,,TommyPruitt@fakeemail.com,Tommy,Pruitt,752-452-5107
BradfordWagner,,BradfordWagner@fakeemail.com,Bradford,Wagner,413-874-5674
PaulBailey,,PaulBailey@fakeemail.com,Paul,Bailey,897-416-6977
MaryCruz,,MaryCruz@fakeemail.com,Mary,Cruz,370-748-2242
TerrenceWilliams,,TerrenceWilliams@fakeemail.com,Terrence,Williams,659-660-8329
MargaretSchultz,,MargaretSchultz@fakeemail.com,Margaret,Schultz,290-610-5588
SandraWebb,,SandraWebb@fakeemail.com,Sandra,Webb,566-725-8541
TravisJackson,,TravisJackson@fakeemail.com,Travis,Jackson,348-772-0659
WandaCaneva,,WandaCaneva@fakeemail.com,Wanda,Caneva,150-003-8392
LindaKeogh,,LindaKeogh@fakeemail.com,Linda,Keogh,107-786-9909
MarleneFlorentino,,MarleneFlorentino@fakeemail.com,Marlene,Florentino,162-366-3501
JenniferGoldsmith,,JenniferGoldsmith@fakeemail.com,Jennifer,Goldsmith,788-240-3540
LindaHernandez,,LindaHernandez@fakeemail.com,Linda,Hernandez,163-256-3394
KellyHarris,,KellyHarris@fakeemail.com,Kelly,Harris,232-386-8893
AnnaLaperle,,AnnaLaperle@fakeemail.com,Anna,Laperle,734-755-4279
RogerBrown,,RogerBrown@fakeemail.com,Roger,Brown,649-102-4857
TerryWooley,,TerryWooley@fakeemail.com,Terry,Wooley,476-641-7347
MichaelEvans,,MichaelEvans@fakeemail.com,Michael,Evans,444-603-2996
AndreaRutledge,,AndreaRutledge@fakeemail.com,Andrea,Rutledge,364-202-9691
ArnoldRamos,,ArnoldRamos@fakeemail.com,Arnold,Ramos,704-370-5356
JackBarrett,,JackBarrett@fakeemail.com,Jack,Barrett,548-305-0448
EricJackson,,EricJackson@fakeemail.com,Eric,Jackson,453-628-8429
CharlesGratton,,CharlesGratton@fakeemail.com,Charles,Gratton,700-324-9118
JonathanFee,,JonathanFee@fakeemail.com,Jonathan,Fee,682-721-0169
JustinAusmus,,JustinAusmus@fakeemail.com,Justin,Ausmus,511-024-0379
DavidBarnes,,DavidBarnes@fakeemail.com,David,Barnes,639-220-9873
MariaTassone,,MariaTassone@fakeemail.com,Maria,Tassone,808-438-6038
HenriettaGaroutte,,HenriettaGaroutte@fakeemail.com,Henrietta,Garoutte,878-483-4219
MichaelValenzuela,,MichaelValenzuela@fakeemail.com,Michael,Valenzuela,711-156-0638
ThomasWhite,,ThomasWhite@fakeemail.com,Thomas,White,631-470-2552
RichieWoodall,,RichieWoodall@fakeemail.com,Richie,Woodall,245-460-0191
EllenJones,,EllenJones@fakeemail.com,Ellen,Jones,408-457-3354
WilliamHuntley,,WilliamHuntley@fakeemail.com,William,Huntley,222-756-3797
StephenLee,,StephenLee@fakeemail.com,Stephen,Lee,626-211-0186
JasonPruitt,,JasonPruitt@fakeemail.com,Jason,Pruitt,589-271-6102
BettyeBaker,,BettyeBaker@fakeemail.com,Bettye,Baker,663-048-9766
WilliamJacques,,WilliamJacques@fakeemail.com,William,Jacques,350-043-9572
VincentMcclure,,VincentMcclure@fakeemail.com,Vincent,Mcclure,960-227-5788
FrancesBuzis,,FrancesBuzis@fakeemail.com,Frances,Buzis,660-762-0804
CourtneyPatron,,CourtneyPatron@fakeemail.com,Courtney,Patron,988-467-8274
MauriceManora,,MauriceManora@fakeemail.com,Maurice,Manora,527-551-4150
BernadineByrnes,,BernadineByrnes@fakeemail.com,Bernadine,Byrnes,252-472-3494
SherryBryant,,SherryBryant@fakeemail.com,Sherry,Bryant,250-538-9630
FrankMeredith,,FrankMeredith@fakeemail.com,Frank,Meredith,436-431-1563
KennethRizzo,,KennethRizzo@fakeemail.com,Kenneth,Rizzo,263-462-4330
JustinRyan,,JustinRyan@fakeemail.com,Justin,Ryan,942-414-5211
SteveEdwards,,SteveEdwards@fakeemail.com,Steve,Edwards,551-080-2234
JeremyOdermott,,JeremyOdermott@fakeemail.com,Jeremy,Odermott,284-538-0096
JeromeSandoval,,JeromeSandoval@fakeemail.com,Jerome,Sandoval,964-258-7170
LarryGilman,,LarryGilman@fakeemail.com,Larry,Gilman,886-610-4594
DeborahAlmeida,,DeborahAlmeida@fakeemail.com,Deborah,Almeida,965-654-1341
AnnaPerry,,AnnaPerry@fakeemail.com,Anna,Perry,448-548-8515
GregoryRevering,,GregoryRevering@fakeemail.com,Gregory,Revering,967-741-8238
GloriaTaylor,,GloriaTaylor@fakeemail.com,Gloria,Taylor,382-781-7722
DavidVacheresse,,DavidVacheresse@fakeemail.com,David,Vacheresse,669-072-5587
MarlonHansen,,MarlonHansen@fakeemail.com,Marlon,Hansen,352-114-3879
RobertBerumen,,RobertBerumen@fakeemail.com,Robert,Berumen,137-415-9584
KimBauman,,KimBauman@fakeemail.com,Kim,Bauman,492-213-4930
JessicaHolman,,JessicaHolman@fakeemail.com,Jessica,Holman,565-604-5389
JacobBurns,,JacobBurns@fakeemail.com,Jacob,Burns,603-077-6644
MichaelNavarro,,MichaelNavarro@fakeemail.com,Michael,Navarro,396-246-1283
JeromyKrantz,,JeromyKrantz@fakeemail.com,Jeromy,Krantz,840-505-3552
VedaCunanan,,VedaCunanan@fakeemail.com,Veda,Cunanan,275-035-5382
JennaLabrie,,JennaLabrie@fakeemail.com,Jenna,Labrie,529-140-0815
CharlotteMccroy,,CharlotteMccroy@fakeemail.com,Charlotte,Mccroy,185-350-9028
CindyMcminn,,CindyMcminn@fakeemail.com,Cindy,Mcminn,979-634-2828
HarryInman,,HarryInman@fakeemail.com,Harry,Inman,944-868-7688
VivianGuel,,VivianGuel@fakeemail.com,Vivian,Guel,307-717-2739
ElizabethCoutee,,ElizabethCoutee@fakeemail.com,Elizabeth,Coutee,936-364-8960
JackBrown,,JackBrown@fakeemail.com,Jack,Brown,383-533-9781
TomThibeault,,TomThibeault@fakeemail.com,Tom,Thibeault,190-765-6975
SamuelRamsey,,SamuelRamsey@fakeemail.com,Samuel,Ramsey,953-847-8483
LucilaSenteno,,LucilaSenteno@fakeemail.com,Lucila,Senteno,124-882-4834
DeniseOtero,,DeniseOtero@fakeemail.com,Denise,Otero,424-186-0862
KathyPerez,,KathyPerez@fakeemail.com,Kathy,Perez,716-107-5677
TuanFrench,,TuanFrench@fakeemail.com,Tuan,French,965-677-4506
LuisKing,,LuisKing@fakeemail.com,Luis,King,266-517-7419
ChristinaBlake,,ChristinaBlake@fakeemail.com,Christina,Blake,427-828-9344
KathrynRodriguez,,KathrynRodriguez@fakeemail.com,Kathryn,Rodriguez,441-348-4829
RobertBrown,,RobertBrown@fakeemail.com,Robert,Brown,988-358-5406
RaymondFarris,,RaymondFarris@fakeemail.com,Raymond,Farris,386-823-9308
JeffreyMorales,,JeffreyMorales@fakeemail.com,Jeffrey,Morales,921-130-7313
ChristopherMoilanen,,ChristopherMoilanen@fakeemail.com,Christopher,Moilanen,232-578-6810
ErikaBrezenski,,ErikaBrezenski@fakeemail.com,Erika,Brezenski,520-234-5638
EllaSchneider,,EllaSchneider@fakeemail.com,Ella,Schneider,610-845-6275
ShirleyFrisbie,,ShirleyFrisbie@fakeemail.com,Shirley,Frisbie,923-718-6768
TravisWilloughby,,TravisWilloughby@fakeemail.com,Travis,Willoughby,236-577-9067
CharlesWard,,CharlesWard@fakeemail.com,Charles,Ward,207-354-6247
HelenSpaniel,,HelenSpaniel@fakeemail.com,Helen,Spaniel,849-436-9432
GeraldineBaxley,,GeraldineBaxley@fakeemail.com,Geraldine,Baxley,403-307-8225
PaulHolcomb,,PaulHolcomb@fakeemail.com,Paul,Holcomb,204-251-6403
MaryGreen,,MaryGreen@fakeemail.com,Mary,Green,869-500-1506
SamanthaVowell,,SamanthaVowell@fakeemail.com,Samantha,Vowell,124-346-4835
PennyBremer,,PennyBremer@fakeemail.com,Penny,Bremer,637-613-5033
RandallHolyfield,,RandallHolyfield@fakeemail.com,Randall,Holyfield,780-660-9421
JuanWykes,,JuanWykes@fakeemail.com,Juan,Wykes,185-884-8845
JohnMaobi,,JohnMaobi@fakeemail.com,John,Maobi,259-806-9214
RuthGlesener,,RuthGlesener@fakeemail.com,Ruth,Glesener,350-436-4046
LoriPringle,,LoriPringle@fakeemail.com,Lori,Pringle,208-111-8854
GordonReed,,GordonReed@fakeemail.com,Gordon,Reed,289-833-7750
ChristopherGarcia,,ChristopherGarcia@fakeemail.com,Christopher,Garcia,330-315-7890
ZacharySchuster,,ZacharySchuster@fakeemail.com,Zachary,Schuster,621-268-8154
JoyRisinger,,JoyRisinger@fakeemail.com,Joy,Risinger,885-747-6269
FlorenceBall,,FlorenceBall@fakeemail.com,Florence,Ball,433-207-3967
AdeleMoreno,,AdeleMoreno@fakeemail.com,Adele,Moreno,810-216-7005
MauriceRickert,,MauriceRickert@fakeemail.com,Maurice,Rickert,802-828-8981
JeffreyConway,,JeffreyConway@fakeemail.com,Jeffrey,Conway,468-715-8927
JeanetteMathew,,JeanetteMathew@fakeemail.com,Jeanette,Mathew,622-422-7693
JeffreyGatewood,,JeffreyGatewood@fakeemail.com,Jeffrey,Gatewood,314-658-0453
YenFrye,,YenFrye@fakeemail.com,Yen,Frye,945-878-7172
JohnBeal,,JohnBeal@fakeemail.com,John,Beal,286-848-4983
BarbaraJones,,BarbaraJones@fakeemail.com,Barbara,Jones,565-852-6646
NathanJones,,NathanJones@fakeemail.com,Nathan,Jones,640-527-4593
RicardoMccreary,,RicardoMccreary@fakeemail.com,Ricardo,Mccreary,462-081-5901
MichaelWashington,,MichaelWashington@fakeemail.com,Michael,Washington,542-850-3142
JudithBragg,,JudithBragg@fakeemail.com,Judith,Bragg,712-025-3204
TerryMorris,,TerryMorris@fakeemail.com,Terry,Morris,857-213-9622
ElizabethLopez,,ElizabethLopez@fakeemail.com,Elizabeth,Lopez,841-004-5170
TeresaBrown,,TeresaBrown@fakeemail.com,Teresa,Brown,146-641-0491
TerriDay,,TerriDay@fakeemail.com,Terri,Day,175-406-0532
ChristopherNewsom,,ChristopherNewsom@fakeemail.com,Christopher,Newsom,412-101-7762
JasonHarbin,,JasonHarbin@fakeemail.com,Jason,Harbin,569-530-4672
JenniferMckinney,,JenniferMckinney@fakeemail.com,Jennifer,Mckinney,573-046-5571
FernHauser,,FernHauser@fakeemail.com,Fern,Hauser,384-141-8333
HollyGonzalez,,HollyGonzalez@fakeemail.com,Holly,Gonzalez,665-160-4188
TaraKenan,,TaraKenan@fakeemail.com,Tara,Kenan,302-377-3643
JohnRandall,,JohnRandall@fakeemail.com,John,Randall,756-834-7901
KennethAcker,,KennethAcker@fakeemail.com,Kenneth,Acker,346-465-9772
HaroldDavis,,HaroldDavis@fakeemail.com,Harold,Davis,271-650-9321
EricRuder,,EricRuder@fakeemail.com,Eric,Ruder,540-017-3048
ScottyLarson,,ScottyLarson@fakeemail.com,Scotty,Larson,593-814-0529
JohnnyAndrews,,JohnnyAndrews@fakeemail.com,Johnny,Andrews,788-283-5138
RobertJefferies,,RobertJefferies@fakeemail.com,Robert,Jefferies,175-467-4809
JeffreyBerry,,JeffreyBerry@fakeemail.com,Jeffrey,Berry,859-373-6737
MarleneClark,,MarleneClark@fakeemail.com,Marlene,Clark,845-677-7358
VernonLiotta,,VernonLiotta@fakeemail.com,Vernon,Liotta,554-553-2773
JenniferSeide,,JenniferSeide@fakeemail.com,Jennifer,Seide,332-322-2154
DarlenePurcell,,DarlenePurcell@fakeemail.com,Darlene,Purcell,742-841-2558
MarieRamirez,,MarieRamirez@fakeemail.com,Marie,Ramirez,258-410-0322
HenryCamp,,HenryCamp@fakeemail.com,Henry,Camp,648-244-5506
GloriaBarnett,,GloriaBarnett@fakeemail.com,Gloria,Barnett,926-421-5502
AmandaEasterling,,AmandaEasterling@fakeemail.com,Amanda,Easterling,552-071-1273
CarlBlack,,CarlBlack@fakeemail.com,Carl,Black,722-825-5021
KimberlyReider,,KimberlyReider@fakeemail.com,Kimberly,Reider,799-001-8917
SantosWallace,,SantosWallace@fakeemail.com,Santos,Wallace,927-804-2818
KeithPhillips,,KeithPhillips@fakeemail.com,Keith,Phillips,274-583-8151
MargeryJohnson,,MargeryJohnson@fakeemail.com,Margery,Johnson,191-744-6649
BrianStevens,,BrianStevens@fakeemail.com,Brian,Stevens,350-314-6663
JamesHall,,JamesHall@fakeemail.com,James,Hall,580-564-0966
ArdellSimpson,,ArdellSimpson@fakeemail.com,Ardell,Simpson,574-823-8108
CarolSanchez,,CarolSanchez@fakeemail.com,Carol,Sanchez,341-444-8090
IvanCraig,,IvanCraig@fakeemail.com,Ivan,Craig,465-041-5700
JamesMartinez,,JamesMartinez@fakeemail.com,James,Martinez,354-130-0303
DennisSpence,,DennisSpence@fakeemail.com,Dennis,Spence,664-681-1816
ChristopherDiaz,,ChristopherDiaz@fakeemail.com,Christopher,Diaz,846-616-5352
AlisonBattle,,AlisonBattle@fakeemail.com,Alison,Battle,474-860-9592
FredRivera,,FredRivera@fakeemail.com,Fred,Rivera,140-566-5996
JohnDaniel,,JohnDaniel@fakeemail.com,John,Daniel,333-664-9247
JerryYarberry,,JerryYarberry@fakeemail.com,Jerry,Yarberry,551-130-6843
JoyceSenethavilouk,,JoyceSenethavilouk@fakeemail.com,Joyce,Senethavilouk,956-757-4761
LoriQuach,,LoriQuach@fakeemail.com,Lori,Quach,329-538-0922
MargaretSkinner,,MargaretSkinner@fakeemail.com,Margaret,Skinner,698-311-8672
MaryHorst,,MaryHorst@fakeemail.com,Mary,Horst,924-241-4806
FaithKenyon,,FaithKenyon@fakeemail.com,Faith,Kenyon,879-353-4605
DavidFeenstra,,DavidFeenstra@fakeemail.com,David,Feenstra,718-131-8572
AnnabelleWalton,,AnnabelleWalton@fakeemail.com,Annabelle,Walton,632-588-1882
MatthewPitts,,MatthewPitts@fakeemail.com,Matthew,Pitts,176-708-4481
DianaGess,,DianaGess@fakeemail.com,Diana,Gess,650-688-1459
WilmaRichardson,,WilmaRichardson@fakeemail.com,Wilma,Richardson,869-524-0757
RichardJohnson,,RichardJohnson@fakeemail.com,Richard,Johnson,586-511-7404
GeorginaBarwick,,GeorginaBarwick@fakeemail.com,Georgina,Barwick,849-674-0009
EdwardRuiz,,EdwardRuiz@fakeemail.com,Edward,Ruiz,811-420-2054
RobertSchwerdtfeger,,RobertSchwerdtfeger@fakeemail.com,Robert,Schwerdtfeger,205-536-0888
JessicaScerbo,,JessicaScerbo@fakeemail.com,Jessica,Scerbo,417-772-4268
MelvinHarper,,MelvinHarper@fakeemail.com,Melvin,Harper,323-646-5165
AnnaPayne,,AnnaPayne@fakeemail.com,Anna,Payne,545-580-1325
CarlMccallum,,CarlMccallum@fakeemail.com,Carl,Mccallum,230-447-9556
RobertHaag,,RobertHaag@fakeemail.com,Robert,Haag,378-544-5016
EllenBradley,,EllenBradley@fakeemail.com,Ellen,Bradley,873-743-3031
RalphWild,,RalphWild@fakeemail.com,Ralph,Wild,118-631-9833
EdgarFornes,,EdgarFornes@fakeemail.com,Edgar,Fornes,505-448-3882
ChristopherGaron,,ChristopherGaron@fakeemail.com,Christopher,Garon,878-534-8451
CarlValdez,,CarlValdez@fakeemail.com,Carl,Valdez,784-330-9583
RalphMedrano,,RalphMedrano@fakeemail.com,Ralph,Medrano,499-882-0630
SunnyRodriguez,,SunnyRodriguez@fakeemail.com,Sunny,Rodriguez,515-346-0287
TinaLinnane,,TinaLinnane@fakeemail.com,Tina,Linnane,433-203-3886
EthelQuintero,,EthelQuintero@fakeemail.com,Ethel,Quintero,221-438-2253
TrudyStewart,,TrudyStewart@fakeemail.com,Trudy,Stewart,577-087-1424
MabelMakowski,,MabelMakowski@fakeemail.com,Mabel,Makowski,199-047-7884
PatriciaWebb,,PatriciaWebb@fakeemail.com,Patricia,Webb,114-422-0349
AshleeBrown,,AshleeBrown@fakeemail.com,Ashlee,Brown,624-552-0730
StevenLeskovec,,StevenLeskovec@fakeemail.com,Steven,Leskovec,306-830-0296
DanielKelly,,DanielKelly@fakeemail.com,Daniel,Kelly,944-071-4699
RobertLobue,,RobertLobue@fakeemail.com,Robert,Lobue,285-224-0007
JacksonEdwards,,JacksonEdwards@fakeemail.com,Jackson,Edwards,307-154-9203
CarlaDiaz,,CarlaDiaz@fakeemail.com,Carla,Diaz,968-001-4492
CharlieCarter,,CharlieCarter@fakeemail.com,Charlie,Carter,965-558-3608
HelenKridel,,HelenKridel@fakeemail.com,Helen,Kridel,671-040-0927
DavidOlsen,,DavidOlsen@fakeemail.com,David,Olsen,642-848-0674
DavidHarris,,DavidHarris@fakeemail.com,David,Harris,566-684-1909
EugeneOrozco,,EugeneOrozco@fakeemail.com,Eugene,Orozco,623-174-5396
JohnMay,,JohnMay@fakeemail.com,John,May,303-260-6473
JoshuaCilenti,,JoshuaCilenti@fakeemail.com,Joshua,Cilenti,894-024-4792
ElaineSosa,,ElaineSosa@fakeemail.com,Elaine,Sosa,227-457-9401
ThomasGillilan,,ThomasGillilan@fakeemail.com,Thomas,Gillilan,136-742-1167
ElizabethBrown,,ElizabethBrown@fakeemail.com,Elizabeth,Brown,900-573-3348
PatrickVictor,,PatrickVictor@fakeemail.com,Patrick,Victor,433-086-9015
MarionHaygood,,MarionHaygood@fakeemail.com,Marion,Haygood,640-538-8170
LindaYandell,,LindaYandell@fakeemail.com,Linda,Yandell,659-221-5691
JamesWest,,JamesWest@fakeemail.com,James,West,154-247-2538
LynnPrice,,LynnPrice@fakeemail.com,Lynn,Price,433-032-6262
JohnArnold,,JohnArnold@fakeemail.com,John,Arnold,779-512-0729
KurtHawkins,,KurtHawkins@fakeemail.com,Kurt,Hawkins,525-663-4910
PattyDrake,,PattyDrake@fakeemail.com,Patty,Drake,728-455-3227
VellaScovil,,VellaScovil@fakeemail.com,Vella,Scovil,770-235-8759
GracielaHope,,GracielaHope@fakeemail.com,Graciela,Hope,838-132-0942
RichardBallas,,RichardBallas@fakeemail.com,Richard,Ballas,104-683-3842
GloriaYeatts,,GloriaYeatts@fakeemail.com,Gloria,Yeatts,993-373-4422
LindaByron,,LindaByron@fakeemail.com,Linda,Byron,674-424-9759
GaryShotwell,,GaryShotwell@fakeemail.com,Gary,Shotwell,287-125-5207
MarySchneider,,MarySchneider@fakeemail.com,Mary,Schneider,313-055-8534
TommyTaylor,,TommyTaylor@fakeemail.com,Tommy,Taylor,899-062-7932
TrishaWagner,,TrishaWagner@fakeemail.com,Trisha,Wagner,578-537-5505
RolandArnold,,RolandArnold@fakeemail.com,Roland,Arnold,349-206-5592
JerryStewart,,JerryStewart@fakeemail.com,Jerry,Stewart,666-822-1862
WayneGarnett,,WayneGarnett@fakeemail.com,Wayne,Garnett,298-187-6699
LewisBenscoter,,LewisBenscoter@fakeemail.com,Lewis,Benscoter,839-682-3239
SallieDoyle,,SallieDoyle@fakeemail.com,Sallie,Doyle,657-406-7275
SamuelProchak,,SamuelProchak@fakeemail.com,Samuel,Prochak,710-662-3004
WilliamNicholson,,WilliamNicholson@fakeemail.com,William,Nicholson,116-176-7926
PabloCarrion,,PabloCarrion@fakeemail.com,Pablo,Carrion,141-234-7417
DarrylPeterson,,DarrylPeterson@fakeemail.com,Darryl,Peterson,121-226-5601
RicardoBryant,,RicardoBryant@fakeemail.com,Ricardo,Bryant,800-245-5168
PatricaAwalt,,PatricaAwalt@fakeemail.com,Patrica,Awalt,403-855-2115
JustinJones,,JustinJones@fakeemail.com,Justin,Jones,566-455-7117
EddieRichardson,,EddieRichardson@fakeemail.com,Eddie,Richardson,896-460-9388
JasonBrown,,JasonBrown@fakeemail.com,Jason,Brown,726-573-4927
JamesChoi,,JamesChoi@fakeemail.com,James,Choi,828-025-9939
AngelLabo,,AngelLabo@fakeemail.com,Angel,Labo,168-177-6845
EricBrewer,,EricBrewer@fakeemail.com,Eric,Brewer,602-858-0165
AngelToone,,AngelToone@fakeemail.com,Angel,Toone,899-428-5365
LoniBarretto,,LoniBarretto@fakeemail.com,Loni,Barretto,953-506-3167
AngelWood,,AngelWood@fakeemail.com,Angel,Wood,232-757-2324
AshleyAbbott,,AshleyAbbott@fakeemail.com,Ashley,Abbott,504-636-8569
StevenBasquez,,StevenBasquez@fakeemail.com,Steven,Basquez,199-381-8460
KristenGiroux,,KristenGiroux@fakeemail.com,Kristen,Giroux,911-364-1920
TonyaTreleven,,TonyaTreleven@fakeemail.com,Tonya,Treleven,819-342-2260
MargaretGloor,,MargaretGloor@fakeemail.com,Margaret,Gloor,442-461-0981
BeatriceAustin,,BeatriceAustin@fakeemail.com,Beatrice,Austin,848-202-1226
JamieTooley,,JamieTooley@fakeemail.com,Jamie,Tooley,952-114-3061
LillianJoiner,,LillianJoiner@fakeemail.com,Lillian,Joiner,232-781-2785
GarnetNockels,,GarnetNockels@fakeemail.com,Garnet,Nockels,702-368-3584
RhondaBrown,,RhondaBrown@fakeemail.com,Rhonda,Brown,385-135-6321
CourtneyMajeski,,CourtneyMajeski@fakeemail.com,Courtney,Majeski,910-024-4366
JamesRoffe,,JamesRoffe@fakeemail.com,James,Roffe,477-054-1810
DennisHines,,DennisHines@fakeemail.com,Dennis,Hines,981-521-8320
ArleneGill,,ArleneGill@fakeemail.com,Arlene,Gill,183-720-3592
RobertCulver,,RobertCulver@fakeemail.com,Robert,Culver,882-088-3007
MurielBassford,,MurielBassford@fakeemail.com,Muriel,Bassford,918-058-5477
JohnWilliams,,JohnWilliams@fakeemail.com,John,Williams,217-233-2996
SharonLay,,SharonLay@fakeemail.com,Sharon,Lay,224-614-9509
JoseStarrett,,JoseStarrett@fakeemail.com,Jose,Starrett,236-050-0973
MarieRoiger,,MarieRoiger@fakeemail.com,Marie,Roiger,628-187-2561
CherylSonoda,,CherylSonoda@fakeemail.com,Cheryl,Sonoda,105-487-0550
TimothyVadnais,,TimothyVadnais@fakeemail.com,Timothy,Vadnais,163-420-0556
JamesBlackburn,,JamesBlackburn@fakeemail.com,James,Blackburn,414-404-6188
DarrinChampagne,,DarrinChampagne@fakeemail.com,Darrin,Champagne,737-878-5924
SeanMurphy,,SeanMurphy@fakeemail.com,Sean,Murphy,580-032-1793
MariaLancaster,,MariaLancaster@fakeemail.com,Maria,Lancaster,940-017-0873
PamelaMarks,,PamelaMarks@fakeemail.com,Pamela,Marks,538-160-4385
JohnNowak,,JohnNowak@fakeemail.com,John,Nowak,498-836-3465
DonaldDewing,,DonaldDewing@fakeemail.com,Donald,Dewing,519-783-6316
TrudyWhedbee,,TrudyWhedbee@fakeemail.com,Trudy,Whedbee,901-330-4111
KeithGunn,,KeithGunn@fakeemail.com,Keith,Gunn,999-128-9151
CarmenFranklin,,CarmenFranklin@fakeemail.com,Carmen,Franklin,261-848-3870
DavidArdis,,DavidArdis@fakeemail.com,David,Ardis,275-286-4964
MiguelMick,,MiguelMick@fakeemail.com,Miguel,Mick,455-120-6314
PamelaDaniels,,PamelaDaniels@fakeemail.com,Pamela,Daniels,315-154-0215
KathleenIce,,KathleenIce@fakeemail.com,Kathleen,Ice,520-852-3425
TeddyCarmichael,,TeddyCarmichael@fakeemail.com,Teddy,Carmichael,381-801-2687
RandySmith,,RandySmith@fakeemail.com,Randy,Smith,442-078-0797
DoloresWilliams,,DoloresWilliams@fakeemail.com,Dolores,Williams,281-044-2803
KarenSkaggs,,KarenSkaggs@fakeemail.com,Karen,Skaggs,202-434-0700
DoraSalvemini,,DoraSalvemini@fakeemail.com,Dora,Salvemini,546-132-8430
AnnDuncan,,AnnDuncan@fakeemail.com,Ann,Duncan,992-151-7504
KathleenBessel,,KathleenBessel@fakeemail.com,Kathleen,Bessel,310-538-5365
WilliamBurns,,WilliamBurns@fakeemail.com,William,Burns,423-247-7250
DanielWeston,,DanielWeston@fakeemail.com,Daniel,Weston,287-176-4086
KristinDavis,,KristinDavis@fakeemail.com,Kristin,Davis,188-215-7376
LawrenceBryant,,LawrenceBryant@fakeemail.com,Lawrence,Bryant,668-574-7525
OliveCromwell,,OliveCromwell@fakeemail.com,Olive,Cromwell,636-365-3213
AnnMarch,,AnnMarch@fakeemail.com,Ann,March,807-062-1926
NancyHazley,,NancyHazley@fakeemail.com,Nancy,Hazley,548-201-2110
ThelmaBlack,,ThelmaBlack@fakeemail.com,Thelma,Black,890-624-5456
OrvilleDuda,,OrvilleDuda@fakeemail.com,Orville,Duda,442-447-9342
ElizabethHicks,,ElizabethHicks@fakeemail.com,Elizabeth,Hicks,765-260-3610
YvonneKline,,YvonneKline@fakeemail.com,Yvonne,Kline,361-033-0331
MarionAllendorf,,MarionAllendorf@fakeemail.com,Marion,Allendorf,280-431-0226
JohnathanShearer,,JohnathanShearer@fakeemail.com,Johnathan,Shearer,873-720-5329
RandyEck,,RandyEck@fakeemail.com,Randy,Eck,700-024-7041
AlisonNunley,,AlisonNunley@fakeemail.com,Alison,Nunley,945-656-0216
RandallFarnsworth,,RandallFarnsworth@fakeemail.com,Randall,Farnsworth,436-474-2906
DawnPreston,,DawnPreston@fakeemail.com,Dawn,Preston,402-810-2040
KirkCangelosi,,KirkCangelosi@fakeemail.com,Kirk,Cangelosi,196-405-9872
RoseGordon,,RoseGordon@fakeemail.com,Rose,Gordon,955-553-3463
JaredLaird,,JaredLaird@fakeemail.com,Jared,Laird,265-655-3980
BobbyPerez,,BobbyPerez@fakeemail.com,Bobby,Perez,595-217-6314
JoannGrignon,,JoannGrignon@fakeemail.com,Joann,Grignon,779-576-3235
CiaraHenson,,CiaraHenson@fakeemail.com,Ciara,Henson,769-845-5052
RonaldMaguire,,RonaldMaguire@fakeemail.com,Ronald,Maguire,373-310-8140
ArmandoElder,,ArmandoElder@fakeemail.com,Armando,Elder,477-041-9794
GuyBohland,,GuyBohland@fakeemail.com,Guy,Bohland,914-645-9058
EdwardBazaldua,,EdwardBazaldua@fakeemail.com,Edward,Bazaldua,390-007-3843
WilliamMarkum,,WilliamMarkum@fakeemail.com,William,Markum,698-463-5040
EttaCollins,,EttaCollins@fakeemail.com,Etta,Collins,282-244-8820
GeorgiaHart,,GeorgiaHart@fakeemail.com,Georgia,Hart,870-430-9980
EllsworthMarion,,EllsworthMarion@fakeemail.com,Ellsworth,Marion,235-067-7595
DianeGarcia,,DianeGarcia@fakeemail.com,Diane,Garcia,419-422-4588
DarylFurrer,,DarylFurrer@fakeemail.com,Daryl,Furrer,741-177-1772
JoyceBrantley,,JoyceBrantley@fakeemail.com,Joyce,Brantley,948-353-2031
AhmadPruitt,,AhmadPruitt@fakeemail.com,Ahmad,Pruitt,289-005-9097
GeorgeLongmore,,GeorgeLongmore@fakeemail.com,George,Longmore,454-143-6603
CourtneyBiancardi,,CourtneyBiancardi@fakeemail.com,Courtney,Biancardi,543-027-2820
CarolinaEdwards,,CarolinaEdwards@fakeemail.com,Carolina,Edwards,316-482-0031
LisaFlores,,LisaFlores@fakeemail.com,Lisa,Flores,809-823-7093
AnnWilliams,,AnnWilliams@fakeemail.com,Ann,Williams,555-566-2881
ElbaGrubb,,ElbaGrubb@fakeemail.com,Elba,Grubb,911-525-8746
KennethCrumley,,KennethCrumley@fakeemail.com,Kenneth,Crumley,564-444-9996
DavidFlores,,DavidFlores@fakeemail.com,David,Flores,388-120-8475
BobbieSwenson,,BobbieSwenson@fakeemail.com,Bobbie,Swenson,980-836-2612
JamesHoneycutt1,,JamesHoneycutt1@fakeemail.com,James,Honeycutt,858-004-2152
RogerParker,,RogerParker@fakeemail.com,Roger,Parker,720-745-2885
KathleenKalberer,,KathleenKalberer@fakeemail.com,Kathleen,Kalberer,224-240-1047
StevenVega,,StevenVega@fakeemail.com,Steven,Vega,834-733-2848
MarianMeissner,,MarianMeissner@fakeemail.com,Marian,Meissner,658-773-3391
JerryDiamond,,JerryDiamond@fakeemail.com,Jerry,Diamond,464-716-9643
WileyTorres,,WileyTorres@fakeemail.com,Wiley,Torres,666-183-2317
ChantelleRivera,,ChantelleRivera@fakeemail.com,Chantelle,Rivera,229-831-0921
HollyHazelhurst,,HollyHazelhurst@fakeemail.com,Holly,Hazelhurst,138-174-9653
RenaLinton,,RenaLinton@fakeemail.com,Rena,Linton,174-823-9424
HenryOlmstead,,HenryOlmstead@fakeemail.com,Henry,Olmstead,399-575-5643
JamesWard,,JamesWard@fakeemail.com,James,Ward,812-421-5868
AshleyPoyer,,AshleyPoyer@fakeemail.com,Ashley,Poyer,626-801-0993
StephanieSchwartz,,StephanieSchwartz@fakeemail.com,Stephanie,Schwartz,592-762-4506
LindaGonzalez,,LindaGonzalez@fakeemail.com,Linda,Gonzalez,708-423-3249
AngelaCoyle,,AngelaCoyle@fakeemail.com,Angela,Coyle,124-753-3347
StevenCummins,,StevenCummins@fakeemail.com,Steven,Cummins,341-231-7366
KatieBrody,,KatieBrody@fakeemail.com,Katie,Brody,577-742-3034
VickiBarber,,VickiBarber@fakeemail.com,Vicki,Barber,401-323-7131
GaryWilliams,,GaryWilliams@fakeemail.com,Gary,Williams,345-820-7699
JaniceSpurling,,JaniceSpurling@fakeemail.com,Janice,Spurling,215-470-6201
RitaCloud,,RitaCloud@fakeemail.com,Rita,Cloud,907-548-5300
MaureenReynolds,,MaureenReynolds@fakeemail.com,Maureen,Reynolds,613-533-6247
BenjaminMusselwhite,,BenjaminMusselwhite@fakeemail.com,Benjamin,Musselwhite,967-506-3646
JewelWong,,JewelWong@fakeemail.com,Jewel,Wong,659-017-0340
AdamWalsh,,AdamWalsh@fakeemail.com,Adam,Walsh,632-648-5580
JosephCastillo,,JosephCastillo@fakeemail.com,Joseph,Castillo,916-670-7562
FernandoCortez,,FernandoCortez@fakeemail.com,Fernando,Cortez,820-852-8232
DavidShoemaker,,DavidShoemaker@fakeemail.com,David,Shoemaker,255-370-0868
JohnMaia,,JohnMaia@fakeemail.com,John,Maia,958-650-3013
JamesTodd,,JamesTodd@fakeemail.com,James,Todd,691-316-8558
SamuelMetcalfe,,SamuelMetcalfe@fakeemail.com,Samuel,Metcalfe,484-187-3282
EarlHooker,,EarlHooker@fakeemail.com,Earl,Hooker,677-664-2714
JackPinedo,,JackPinedo@fakeemail.com,Jack,Pinedo,270-342-8102
DaleMandel,,DaleMandel@fakeemail.com,Dale,Mandel,233-633-8978
JamelTauber,,JamelTauber@fakeemail.com,Jamel,Tauber,913-551-1819
AprilBaker,,AprilBaker@fakeemail.com,April,Baker,794-337-6107
AlmaChan,,AlmaChan@fakeemail.com,Alma,Chan,859-717-7144
DonaldMurray,,DonaldMurray@fakeemail.com,Donald,Murray,475-851-3446
VickiHerman,,VickiHerman@fakeemail.com,Vicki,Herman,486-101-3265
NancySmith,,NancySmith@fakeemail.com,Nancy,Smith,122-045-2122
LeslieWilliams,,LeslieWilliams@fakeemail.com,Leslie,Williams,969-131-6755
MarkBennett,,MarkBennett@fakeemail.com,Mark,Bennett,902-063-5570
JudyPugliares,,JudyPugliares@fakeemail.com,Judy,Pugliares,385-216-1529
JonShelton,,JonShelton@fakeemail.com,Jon,Shelton,554-362-7258
EddieSchug,,EddieSchug@fakeemail.com,Eddie,Schug,621-567-6005
JonellCline,,JonellCline@fakeemail.com,Jonell,Cline,921-856-4200
StephenYoung,,StephenYoung@fakeemail.com,Stephen,Young,514-336-4409
MarkLapuerta,,MarkLapuerta@fakeemail.com,Mark,Lapuerta,862-846-9815
JasonRichards,,JasonRichards@fakeemail.com,Jason,Richards,809-532-8439
KatherineHair,,KatherineHair@fakeemail.com,Katherine,Hair,683-720-8623
KatrinaZollars,,KatrinaZollars@fakeemail.com,Katrina,Zollars,509-068-0923
SoonMayeux,,SoonMayeux@fakeemail.com,Soon,Mayeux,610-888-4527
BrookeSuggs,,BrookeSuggs@fakeemail.com,Brooke,Suggs,559-540-3829
JulioMinor,,JulioMinor@fakeemail.com,Julio,Minor,586-485-6271
DonaldMyatt,,DonaldMyatt@fakeemail.com,Donald,Myatt,174-550-3200
EulahMartin,,EulahMartin@fakeemail.com,Eulah,Martin,266-128-5073
CathleenClark,,CathleenClark@fakeemail.com,Cathleen,Clark,673-175-7465
JamesJackson,,JamesJackson@fakeemail.com,James,Jackson,461-573-4386
AnnaPerry2,,AnnaPerry2@fakeemail.com,Anna,Perry,691-163-2134
LoriReding,,LoriReding@fakeemail.com,Lori,Reding,472-865-3116
DennisMonroe,,DennisMonroe@fakeemail.com,Dennis,Monroe,600-164-1328
PatriciaHarper,,PatriciaHarper@fakeemail.com,Patricia,Harper,595-558-7290
GailBeatty,,GailBeatty@fakeemail.com,Gail,Beatty,392-324-2793
JanetHelems,,JanetHelems@fakeemail.com,Janet,Helems,639-883-4804
BarbaraLiggins,,BarbaraLiggins@fakeemail.com,Barbara,Liggins,628-327-6091
KennethWheeles,,KennethWheeles@fakeemail.com,Kenneth,Wheeles,512-716-7817
EddieHarmon,,EddieHarmon@fakeemail.com,Eddie,Harmon,564-174-3888
SherriTsang,,SherriTsang@fakeemail.com,Sherri,Tsang,621-852-1846
LisaArmentrout,,LisaArmentrout@fakeemail.com,Lisa,Armentrout,787-037-4920
SamuelRuiz,,SamuelRuiz@fakeemail.com,Samuel,Ruiz,426-874-5307
RubyFerris,,RubyFerris@fakeemail.com,Ruby,Ferris,966-687-3617
ErinRodriguez,,ErinRodriguez@fakeemail.com,Erin,Rodriguez,508-024-5483
DanielWilliams,,DanielWilliams@fakeemail.com,Daniel,Williams,670-415-4984
MarianaHagadone,,MarianaHagadone@fakeemail.com,Mariana,Hagadone,313-467-7228
JulieKing,,JulieKing@fakeemail.com,Julie,King,370-181-8470
HildaOliver,,HildaOliver@fakeemail.com,Hilda,Oliver,579-757-1992
VickyRoot,,VickyRoot@fakeemail.com,Vicky,Root,261-264-4322
BernardinaArnold,,BernardinaArnold@fakeemail.com,Bernardina,Arnold,854-817-7696
LinaRife,,LinaRife@fakeemail.com,Lina,Rife,580-573-6617
ClarenceHuynh,,ClarenceHuynh@fakeemail.com,Clarence,Huynh,915-742-2753
MatthewLister,,MatthewLister@fakeemail.com,Matthew,Lister,671-678-4598
JoanneDavis,,JoanneDavis@fakeemail.com,Joanne,Davis,802-510-8746
JuanitaMansfield,,JuanitaMansfield@fakeemail.com,Juanita,Mansfield,523-068-5300
MaryBedward,,MaryBedward@fakeemail.com,Mary,Bedward,307-270-0891
MyronLandis,,MyronLandis@fakeemail.com,Myron,Landis,885-762-7252
LucilleDunlap,,LucilleDunlap@fakeemail.com,Lucille,Dunlap,844-480-5196
AlbertLodge,,AlbertLodge@fakeemail.com,Albert,Lodge,241-025-9295
MaryCarrasco,,MaryCarrasco@fakeemail.com,Mary,Carrasco,181-842-3580
AdelaGowans,,AdelaGowans@fakeemail.com,Adela,Gowans,507-577-7459
JenniferCotton,,JenniferCotton@fakeemail.com,Jennifer,Cotton,430-425-3461
JohnnyWingo,,JohnnyWingo@fakeemail.com,Johnny,Wingo,921-774-0600
PatrickCameron,,PatrickCameron@fakeemail.com,Patrick,Cameron,362-464-9324
MaggieBrooks,,MaggieBrooks@fakeemail.com,Maggie,Brooks,219-181-9149
MarkOtto,,MarkOtto@fakeemail.com,Mark,Otto,870-516-0154
ErinDixon,,ErinDixon@fakeemail.com,Erin,Dixon,823-853-9558
RichardFrye,,RichardFrye@fakeemail.com,Richard,Frye,450-218-6613
MarianneGoede,,MarianneGoede@fakeemail.com,Marianne,Goede,732-455-8423
ViolaCurrin,,ViolaCurrin@fakeemail.com,Viola,Currin,876-307-9096
VeronicaPowell,,VeronicaPowell@fakeemail.com,Veronica,Powell,324-836-5894
DesireeMathis,,DesireeMathis@fakeemail.com,Desiree,Mathis,208-673-9677
MaryCarpenter,,MaryCarpenter@fakeemail.com,Mary,Carpenter,596-617-6621
AnitaBoettcher,,AnitaBoettcher@fakeemail.com,Anita,Boettcher,656-758-8890
RobertCaldwell,,RobertCaldwell@fakeemail.com,Robert,Caldwell,547-260-1277
BrianHardison,,BrianHardison@fakeemail.com,Brian,Hardison,197-785-1892
JohnClines,,JohnClines@fakeemail.com,John,Clines,268-338-2312
CarmenLawson,,CarmenLawson@fakeemail.com,Carmen,Lawson,373-454-8209
JudithHanna,,JudithHanna@fakeemail.com,Judith,Hanna,376-786-4522
ChristopherMacpherson,,ChristopherMacpherson@fakeemail.com,Christopher,Macpherson,529-238-0873
GlenEsters,,GlenEsters@fakeemail.com,Glen,Esters,682-326-4779
KevinHarwell,,KevinHarwell@fakeemail.com,Kevin,Harwell,666-845-5435
JimVazquez,,JimVazquez@fakeemail.com,Jim,Vazquez,899-820-8241
BruceShockey,,BruceShockey@fakeemail.com,Bruce,Shockey,361-408-7962
FelipeJohnson,,FelipeJohnson@fakeemail.com,Felipe,Johnson,117-381-6457
DouglasRodriguez,,DouglasRodriguez@fakeemail.com,Douglas,Rodriguez,595-633-0242
RuthGarcia,,RuthGarcia@fakeemail.com,Ruth,Garcia,922-183-3485
RebeccaRamirez,,RebeccaRamirez@fakeemail.com,Rebecca,Ramirez,367-842-7215
RollandDansie,,RollandDansie@fakeemail.com,Rolland,Dansie,483-655-5522
SaraPugh,,SaraPugh@fakeemail.com,Sara,Pugh,139-572-8749
WillieBielecki,,WillieBielecki@fakeemail.com,Willie,Bielecki,378-145-3105
PollyZimmerman,,PollyZimmerman@fakeemail.com,Polly,Zimmerman,834-518-8655
CecilDipietro,,CecilDipietro@fakeemail.com,Cecil,Dipietro,432-001-8001
PriscillaYoung,,PriscillaYoung@fakeemail.com,Priscilla,Young,617-716-0133
AndrewMonarrez,,AndrewMonarrez@fakeemail.com,Andrew,Monarrez,138-444-5369
NakiaWilkinson,,NakiaWilkinson@fakeemail.com,Nakia,Wilkinson,245-882-8411
IrmaClark,,IrmaClark@fakeemail.com,Irma,Clark,483-318-5892
JeanPerez,,JeanPerez@fakeemail.com,Jean,Perez,183-214-4570
VickieClay,,VickieClay@fakeemail.com,Vickie,Clay,872-774-2310
AnnieMclean,,AnnieMclean@fakeemail.com,Annie,Mclean,283-223-9850
WandaBrink,,WandaBrink@fakeemail.com,Wanda,Brink,769-382-7930
CynthiaPowell,,CynthiaPowell@fakeemail.com,Cynthia,Powell,127-826-3148
RoseannHolt,,RoseannHolt@fakeemail.com,Roseann,Holt,713-005-9100
RuthLavallee,,RuthLavallee@fakeemail.com,Ruth,Lavallee,667-112-5875
DebbieGrant,,DebbieGrant@fakeemail.com,Debbie,Grant,994-161-0461
ElizabethYoon,,ElizabethYoon@fakeemail.com,Elizabeth,Yoon,428-066-0934
GeorgeOpie,,GeorgeOpie@fakeemail.com,George,Opie,385-614-2133
LindaEllis,,LindaEllis@fakeemail.com,Linda,Ellis,432-862-9415
RodrigoCichy,,RodrigoCichy@fakeemail.com,Rodrigo,Cichy,507-337-8854
AngeloLeaks,,AngeloLeaks@fakeemail.com,Angelo,Leaks,637-652-8600
RobertFielden,,RobertFielden@fakeemail.com,Robert,Fielden,211-370-3176
ThomasJost,,ThomasJost@fakeemail.com,Thomas,Jost,725-601-7081
JoyceWebber,,JoyceWebber@fakeemail.com,Joyce,Webber,514-504-3990
RyanKelly,,RyanKelly@fakeemail.com,Ryan,Kelly,618-567-6794
ElaineDossey,,ElaineDossey@fakeemail.com,Elaine,Dossey,194-654-2321
DeborahMarshall,,DeborahMarshall@fakeemail.com,Deborah,Marshall,707-005-6832
ZelmaTracy,,ZelmaTracy@fakeemail.com,Zelma,Tracy,831-171-4002
GeraldMoore,,GeraldMoore@fakeemail.com,Gerald,Moore,546-777-5854
LindaRivera,,LindaRivera@fakeemail.com,Linda,Rivera,939-004-4424
AngelaNguyen,,AngelaNguyen@fakeemail.com,Angela,Nguyen,772-042-3278
ElizabethAdams,,ElizabethAdams@fakeemail.com,Elizabeth,Adams,679-274-4255
VernonJensen,,VernonJensen@fakeemail.com,Vernon,Jensen,284-317-0796
RuthMoulton,,RuthMoulton@fakeemail.com,Ruth,Moulton,698-264-2052
RalphWeiss,,RalphWeiss@fakeemail.com,Ralph,Weiss,383-203-2310
PatriciaAckies,,PatriciaAckies@fakeemail.com,Patricia,Ackies,533-831-5469
GarrettDobbins,,GarrettDobbins@fakeemail.com,Garrett,Dobbins,613-265-1154
JenniferHendrickson,,JenniferHendrickson@fakeemail.com,Jennifer,Hendrickson,478-087-1324
NoelPhipps,,NoelPhipps@fakeemail.com,Noel,Phipps,424-781-9335
WarrenTrinidad,,WarrenTrinidad@fakeemail.com,Warren,Trinidad,719-882-1590
JoyceLimon,,JoyceLimon@fakeemail.com,Joyce,Limon,908-117-8486
AlbertGarcia,,AlbertGarcia@fakeemail.com,Albert,Garcia,212-753-3369
BrianMckinney,,BrianMckinney@fakeemail.com,Brian,Mckinney,504-105-4993
NolanJackson,,NolanJackson@fakeemail.com,Nolan,Jackson,680-881-4777
KathrynWard,,KathrynWard@fakeemail.com,Kathryn,Ward,533-368-0645
DianneReeves,,DianneReeves@fakeemail.com,Dianne,Reeves,848-126-4489
AdrianRodriguez,,AdrianRodriguez@fakeemail.com,Adrian,Rodriguez,455-057-4883
MichaelClark,,MichaelClark@fakeemail.com,Michael,Clark,856-241-1137
JeffreyReis,,JeffreyReis@fakeemail.com,Jeffrey,Reis,247-518-1488
GladysDonovan,,GladysDonovan@fakeemail.com,Gladys,Donovan,734-278-5160
LanceMoran,,LanceMoran@fakeemail.com,Lance,Moran,166-155-7674
KarlaJoyce,,KarlaJoyce@fakeemail.com,Karla,Joyce,896-302-9698
JonathanRinaldi,,JonathanRinaldi@fakeemail.com,Jonathan,Rinaldi,821-557-9218
StephanieLoman,,StephanieLoman@fakeemail.com,Stephanie,Loman,551-748-4866
MarthaWashington,,MarthaWashington@fakeemail.com,Martha,Washington,369-650-6461
CynthiaPruett,,CynthiaPruett@fakeemail.com,Cynthia,Pruett,866-420-8434
HoseaAnderson,,HoseaAnderson@fakeemail.com,Hosea,Anderson,882-333-0613
PeggyCournoyer,,PeggyCournoyer@fakeemail.com,Peggy,Cournoyer,911-545-9678
WillieMccloud,,WillieMccloud@fakeemail.com,Willie,Mccloud,640-502-0568
RonaldMiddleton,,RonaldMiddleton@fakeemail.com,Ronald,Middleton,627-015-9385
JohnnyReny,,JohnnyReny@fakeemail.com,Johnny,Reny,498-284-0873
ElizabethGargus,,ElizabethGargus@fakeemail.com,Elizabeth,Gargus,279-860-7107
MathewTurner,,MathewTurner@fakeemail.com,Mathew,Turner,147-305-8487
DaleWhite,,DaleWhite@fakeemail.com,Dale,White,515-663-5490
JamesCollins,,JamesCollins@fakeemail.com,James,Collins,564-808-1216
AngelaTeodoro,,AngelaTeodoro@fakeemail.com,Angela,Teodoro,651-502-1788
DoloresWestendorf,,DoloresWestendorf@fakeemail.com,Dolores,Westendorf,870-188-4699
LorenaSpencer,,LorenaSpencer@fakeemail.com,Lorena,Spencer,387-660-3260
SamanthaStile,,SamanthaStile@fakeemail.com,Samantha,Stile,612-071-0266
SharonHarrington,,SharonHarrington@fakeemail.com,Sharon,Harrington,236-262-7883
RhondaPagan,,RhondaPagan@fakeemail.com,Rhonda,Pagan,544-221-2112
VirgilGlover,,VirgilGlover@fakeemail.com,Virgil,Glover,670-876-3794
BerthaGellert,,BerthaGellert@fakeemail.com,Bertha,Gellert,972-341-6729
WilliamSteik,,WilliamSteik@fakeemail.com,William,Steik,928-344-5862
RaymondBlack,,RaymondBlack@fakeemail.com,Raymond,Black,824-344-8356
GwendolynFarfalla,,GwendolynFarfalla@fakeemail.com,Gwendolyn,Farfalla,354-570-0429
TimothySosebee,,TimothySosebee@fakeemail.com,Timothy,Sosebee,176-813-3453
DwaynePhillips,,DwaynePhillips@fakeemail.com,Dwayne,Phillips,862-107-2597
JeffreyLanehart,,JeffreyLanehart@fakeemail.com,Jeffrey,Lanehart,712-204-2852
MitchellBodine,,MitchellBodine@fakeemail.com,Mitchell,Bodine,438-388-3077
LindsayCox,,LindsayCox@fakeemail.com,Lindsay,Cox,273-532-7619
KarlWilliams,,KarlWilliams@fakeemail.com,Karl,Williams,957-283-7105
AlexandriaGarcia,,AlexandriaGarcia@fakeemail.com,Alexandria,Garcia,653-443-8574
JuanPousson,,JuanPousson@fakeemail.com,Juan,Pousson,434-173-4823
RaymondLugo,,RaymondLugo@fakeemail.com,Raymond,Lugo,686-637-6505
CynthiaFaulkner,,CynthiaFaulkner@fakeemail.com,Cynthia,Faulkner,770-545-2289
KennethBureau,,KennethBureau@fakeemail.com,Kenneth,Bureau,207-860-6094
KathlineOrdonez,,KathlineOrdonez@fakeemail.com,Kathline,Ordonez,111-058-2445
GloriaDominguez,,GloriaDominguez@fakeemail.com,Gloria,Dominguez,642-248-6792
JamesHilliard,,JamesHilliard@fakeemail.com,James,Hilliard,851-887-6897
SaraSanchez,,SaraSanchez@fakeemail.com,Sara,Sanchez,903-153-9158
LeviBurt,,LeviBurt@fakeemail.com,Levi,Burt,299-465-6719
JohnLawlor,,JohnLawlor@fakeemail.com,John,Lawlor,566-338-9321
KathleenBell,,KathleenBell@fakeemail.com,Kathleen,Bell,830-433-4036
HarlanNazario,,HarlanNazario@fakeemail.com,Harlan,Nazario,434-355-4602
RoseWheeler,,RoseWheeler@fakeemail.com,Rose,Wheeler,677-156-8836
JeffJohnson,,JeffJohnson@fakeemail.com,Jeff,Johnson,882-347-3137
AmericaRogers,,AmericaRogers@fakeemail.com,America,Rogers,185-288-7959
DoyleEast,,DoyleEast@fakeemail.com,Doyle,East,125-586-8794
AnnRodriguez,,AnnRodriguez@fakeemail.com,Ann,Rodriguez,591-165-9416
AngelRogers,,AngelRogers@fakeemail.com,Angel,Rogers,543-320-3056
AnitaCarver,,AnitaCarver@fakeemail.com,Anita,Carver,401-172-1806
DonaldLittle,,DonaldLittle@fakeemail.com,Donald,Little,682-601-0420
NellieSpence,,NellieSpence@fakeemail.com,Nellie,Spence,764-268-1498
KathleenConde,,KathleenConde@fakeemail.com,Kathleen,Conde,992-142-2600
TyishaSpiva,,TyishaSpiva@fakeemail.com,Tyisha,Spiva,946-860-3428
KarlaCanada,,KarlaCanada@fakeemail.com,Karla,Canada,221-861-7668
SherriLee,,SherriLee@fakeemail.com,Sherri,Lee,868-168-9405
DorothyLeggette,,DorothyLeggette@fakeemail.com,Dorothy,Leggette,335-283-4446
TommyCaligiuri,,TommyCaligiuri@fakeemail.com,Tommy,Caligiuri,659-248-1063
LauraStultz,,LauraStultz@fakeemail.com,Laura,Stultz,913-031-5979
JesusFields,,JesusFields@fakeemail.com,Jesus,Fields,799-217-6430
KennethKumm,,KennethKumm@fakeemail.com,Kenneth,Kumm,923-762-1603
CharlesBeyett,,CharlesBeyett@fakeemail.com,Charles,Beyett,986-245-9462
DonShowalter,,DonShowalter@fakeemail.com,Don,Showalter,336-216-6612
